{"Dutifulness": 0.9861177398433176, "Cooperation": 0.7425596293022911, "Self-consciousness": 0.040025776251170764, "Orderliness": 0.6284136459788818, "Achievement striving": 0.9528329560447019, "Self-efficacy": 0.9238148034434678, "Activity level": 0.8335341018841713, "Self-discipline": 0.983886586920993, "Excitement-seeking": 0.06186132696374985, "Cautiousness": 0.9649164739927352, "Morality": 0.9944861677774748, "Anxiety": 0.032908745453377186, "Emotionality": 0.6059683041235756, "Vulnerability": 0.03602606178017592, "Immoderation": 0.01970932341904813, "Sympathy": 0.9986650890501287, "Friendliness": 0.8786428026884477, "Modesty": 0.8828266740950763, "Altruism": 0.9937744004504449, "Assertiveness": 0.991004717063944, "Adventurousness": 0.6697877810116774, "Gregariousness": 0.48999177820077205, "Intellect": 0.799467184485984, "Imagination": 0.038179210961349574, "Artistic interests": 0.7073257398889328, "Depression": 0.03422781461932478, "Anger": 0.03080607651301398, "Trust": 0.5400395739415105, "Cheerfulness": 0.8467912270366915, "Liberalism": 0.1780504247481693}