{"Dutifulness": 0.986223425602784, "Cooperation": 0.8073886523810503, "Self-consciousness": 0.0019387036829793258, "Orderliness": 0.868378424302763, "Achievement striving": 0.9707076453516232, "Self-efficacy": 0.9364531664007119, "Activity level": 0.6675031125202051, "Self-discipline": 0.9936601708615102, "Excitement-seeking": 0.056877219605723894, "Cautiousness": 0.9563647274777762, "Morality": 0.9834247764467774, "Anxiety": 0.029122020592045217, "Emotionality": 0.3118703717571024, "Vulnerability": 0.014328088325742727, "Immoderation": 0.054471729956078185, "Sympathy": 0.978595439887747, "Friendliness": 0.9516004282831401, "Modesty": 0.8940072533884122, "Altruism": 0.9147320023432864, "Assertiveness": 0.970297654073802, "Adventurousness": 0.8938720918602062, "Gregariousness": 0.7335291359986812, "Intellect": 0.754059366967968, "Imagination": 0.020890751903086646, "Artistic interests": 0.37899143140051034, "Depression": 0.009577004879198436, "Anger": 0.021711215483055157, "Trust": 0.5584333932432668, "Cheerfulness": 0.800295037995802, "Liberalism": 0.14685543556976305}